"female","female_genotype","line","offspring_genotype","count"
"1_B12","driver","D","XBXB",61
"1_B12","driver","D","XBY",39
"1_B12","driver","D","XDXB",93
"1_B12","driver","D","XDY",73
"1_B3","driver","D","XBXB",11
"1_B3","driver","D","XBY",17
"1_B3","driver","D","XDXB",62
"1_B3","driver","D","XDY",50
"1_B4","driver","D","XBXB",55
"1_B4","driver","D","XBY",55
"1_B4","driver","D","XDXB",128
"1_B4","driver","D","XDY",114
"1_B5","driver","D","XBXB",7
"1_B5","driver","D","XBY",12
"1_B5","driver","D","XDXB",20
"1_B5","driver","D","XDY",21
"1_B6","driver","D","XBXB",44
"1_B6","driver","D","XBY",26
"1_B6","driver","D","XDXB",45
"1_B6","driver","D","XDY",50
"2_1_10_63","driver","63","XBXB",7
"2_1_10_63","driver","63","XBY",7
"2_1_10_63","driver","63","XDXB",12
"2_1_10_63","driver","63","XDY",10
"2_1_10_D","driver","D","XBXB",22
"2_1_10_D","driver","D","XBY",16
"2_1_10_D","driver","D","XDXB",36
"2_1_10_D","driver","D","XDY",34
"2_1_11_63","driver","63","XBXB",5
"2_1_11_63","driver","63","XBY",10
"2_1_11_63","driver","63","XDXB",7
"2_1_11_63","driver","63","XDY",14
"2_1_11_D","driver","D","XBXB",22
"2_1_11_D","driver","D","XBY",30
"2_1_11_D","driver","D","XDXB",37
"2_1_11_D","driver","D","XDY",23
"2_1_12_D","driver","D","XBXB",21
"2_1_12_D","driver","D","XBY",19
"2_1_12_D","driver","D","XDXB",25
"2_1_12_D","driver","D","XDY",16
"2_1_14_63","driver","63","XBXB",4
"2_1_14_63","driver","63","XBY",8
"2_1_14_63","driver","63","XDXB",6
"2_1_14_63","driver","63","XDY",12
"2_1_14_D","driver","D","XBXB",12
"2_1_14_D","driver","D","XBY",9
"2_1_14_D","driver","D","XDXB",13
"2_1_14_D","driver","D","XDY",9
"2_1_15_63","driver","63","XBXB",21
"2_1_15_63","driver","63","XBY",15
"2_1_15_63","driver","63","XDXB",28
"2_1_15_63","driver","63","XDY",14
"2_1_16_63","driver","63","XBXB",62
"2_1_16_63","driver","63","XBY",46
"2_1_16_63","driver","63","XDXB",82
"2_1_16_63","driver","63","XDY",71
"2_1_16_D","driver","D","XBXB",17
"2_1_16_D","driver","D","XBY",31
"2_1_16_D","driver","D","XDXB",37
"2_1_16_D","driver","D","XDY",23
"2_1_17_D","driver","D","XBXB",56
"2_1_17_D","driver","D","XBY",51
"2_1_17_D","driver","D","XDXB",81
"2_1_17_D","driver","D","XDY",61
"2_1_18_63","driver","63","XBXB",2
"2_1_18_63","driver","63","XBY",9
"2_1_18_63","driver","63","XDXB",20
"2_1_18_63","driver","63","XDY",19
"2_1_18_D","driver","D","XBXB",48
"2_1_18_D","driver","D","XBY",36
"2_1_18_D","driver","D","XDXB",70
"2_1_18_D","driver","D","XDY",49
"2_1_19_63","driver","63","XBXB",8
"2_1_19_63","driver","63","XBY",10
"2_1_19_63","driver","63","XDXB",6
"2_1_19_63","driver","63","XDY",9
"2_1_19_D","driver","D","XBXB",28
"2_1_19_D","driver","D","XBY",30
"2_1_19_D","driver","D","XDXB",38
"2_1_19_D","driver","D","XDY",35
"2_1_1_63","driver","63","XBXB",15
"2_1_1_63","driver","63","XBY",13
"2_1_1_63","driver","63","XDXB",21
"2_1_1_63","driver","63","XDY",30
"2_1_1_D","driver","D","XBXB",12
"2_1_1_D","driver","D","XBY",12
"2_1_1_D","driver","D","XDXB",12
"2_1_1_D","driver","D","XDY",18
"2_1_20_63","driver","63","XBXB",19
"2_1_20_63","driver","63","XBY",17
"2_1_20_63","driver","63","XDXB",27
"2_1_20_63","driver","63","XDY",20
"2_1_21_63","driver","63","XBXB",7
"2_1_21_63","driver","63","XBY",12
"2_1_21_63","driver","63","XDXB",17
"2_1_21_63","driver","63","XDY",9
"2_1_2_63","driver","63","XBXB",7
"2_1_2_63","driver","63","XBY",16
"2_1_2_63","driver","63","XDXB",21
"2_1_2_63","driver","63","XDY",12
"2_1_2_D","driver","D","XBXB",31
"2_1_2_D","driver","D","XBY",25
"2_1_2_D","driver","D","XDXB",76
"2_1_2_D","driver","D","XDY",50
"2_1_3_63","driver","63","XBXB",13
"2_1_3_63","driver","63","XBY",6
"2_1_3_63","driver","63","XDXB",16
"2_1_3_63","driver","63","XDY",13
"2_1_4_63","driver","63","XBXB",9
"2_1_4_63","driver","63","XBY",13
"2_1_4_63","driver","63","XDXB",21
"2_1_4_63","driver","63","XDY",25
"2_1_4_D","driver","D","XBXB",7
"2_1_4_D","driver","D","XBY",7
"2_1_4_D","driver","D","XDXB",14
"2_1_4_D","driver","D","XDY",10
"2_1_5_D","driver","D","XBXB",27
"2_1_5_D","driver","D","XBY",39
"2_1_5_D","driver","D","XDXB",57
"2_1_5_D","driver","D","XDY",41
"2_1_6_63","driver","63","XBXB",28
"2_1_6_63","driver","63","XBY",42
"2_1_6_63","driver","63","XDXB",33
"2_1_6_63","driver","63","XDY",43
"2_1_6_D","driver","D","XBXB",26
"2_1_6_D","driver","D","XBY",25
"2_1_6_D","driver","D","XDXB",45
"2_1_6_D","driver","D","XDY",47
"2_1_7_D","driver","D","XBXB",14
"2_1_7_D","driver","D","XBY",27
"2_1_7_D","driver","D","XDXB",41
"2_1_7_D","driver","D","XDY",20
"2_1_8_63","driver","63","XBXB",6
"2_1_8_63","driver","63","XBY",4
"2_1_8_63","driver","63","XDXB",17
"2_1_8_63","driver","63","XDY",10
"2_1_9_63","driver","63","XBXB",12
"2_1_9_63","driver","63","XBY",12
"2_1_9_63","driver","63","XDXB",34
"2_1_9_63","driver","63","XDY",19
"2_1_9_D","driver","D","XBXB",10
"2_1_9_D","driver","D","XBY",17
"2_1_9_D","driver","D","XDXB",41
"2_1_9_D","driver","D","XDY",40
"2_2_1","driver","D","XBXB",32
"2_2_1","driver","D","XBY",35
"2_2_1","driver","D","XDXB",69
"2_2_1","driver","D","XDY",64
"2_2_10","driver","D","XBXB",10
"2_2_10","driver","D","XBY",15
"2_2_10","driver","D","XDXB",28
"2_2_10","driver","D","XDY",13
"2_2_11","driver","D","XBXB",21
"2_2_11","driver","D","XBY",6
"2_2_11","driver","D","XDXB",21
"2_2_11","driver","D","XDY",14
"2_2_12","driver","D","XBXB",50
"2_2_12","driver","D","XBY",39
"2_2_12","driver","D","XDXB",71
"2_2_12","driver","D","XDY",62
"2_2_13","driver","D","XBXB",22
"2_2_13","driver","D","XBY",17
"2_2_13","driver","D","XDXB",30
"2_2_13","driver","D","XDY",19
"2_2_14","driver","D","XBXB",25
"2_2_14","driver","D","XBY",38
"2_2_14","driver","D","XDXB",56
"2_2_14","driver","D","XDY",56
"2_2_15","driver","D","XBXB",52
"2_2_15","driver","D","XBY",54
"2_2_15","driver","D","XDXB",108
"2_2_15","driver","D","XDY",77
"2_2_16","driver","D","XBXB",26
"2_2_16","driver","D","XBY",31
"2_2_16","driver","D","XDXB",53
"2_2_16","driver","D","XDY",11
"2_2_5","driver","D","XBXB",19
"2_2_5","driver","D","XBY",7
"2_2_5","driver","D","XDXB",26
"2_2_5","driver","D","XDY",24
"2_2_6","driver","D","XBXB",10
"2_2_6","driver","D","XBY",6
"2_2_6","driver","D","XDXB",20
"2_2_6","driver","D","XDY",12
"2_2_7","driver","D","XBXB",12
"2_2_7","driver","D","XBY",11
"2_2_7","driver","D","XDXB",17
"2_2_7","driver","D","XDY",15
"2_2_9","driver","D","XBXB",4
"2_2_9","driver","D","XBY",1
"2_2_9","driver","D","XDXB",15
"2_2_9","driver","D","XDY",13
"3_10_D","driver","D","XBXB",35
"3_10_D","driver","D","XBY",39
"3_10_D","driver","D","XDXB",73
"3_10_D","driver","D","XDY",65
"3_10_X3","driver","X3","XBXB",10
"3_10_X3","driver","X3","XBY",9
"3_10_X3","driver","X3","XDXB",22
"3_10_X3","driver","X3","XDY",9
"3_11_X3","driver","X3","XBXB",9
"3_11_X3","driver","X3","XBY",31
"3_11_X3","driver","X3","XDXB",34
"3_11_X3","driver","X3","XDY",29
"3_12_X3","driver","X3","XBXB",14
"3_12_X3","driver","X3","XBY",17
"3_12_X3","driver","X3","XDXB",54
"3_12_X3","driver","X3","XDY",48
"3_13_X3","driver","X3","XBXB",21
"3_13_X3","driver","X3","XBY",38
"3_13_X3","driver","X3","XDXB",63
"3_13_X3","driver","X3","XDY",62
"3_15_X3","driver","X3","XBXB",16
"3_15_X3","driver","X3","XBY",27
"3_15_X3","driver","X3","XDXB",71
"3_15_X3","driver","X3","XDY",41
"3_16_X3","driver","X3","XBXB",15
"3_16_X3","driver","X3","XBY",18
"3_16_X3","driver","X3","XDXB",33
"3_16_X3","driver","X3","XDY",29
"3_18_D","driver","D","XBXB",7
"3_18_D","driver","D","XBY",3
"3_18_D","driver","D","XDXB",12
"3_18_D","driver","D","XDY",9
"3_2_X3","driver","X3","XBXB",21
"3_2_X3","driver","X3","XBY",20
"3_2_X3","driver","X3","XDXB",57
"3_2_X3","driver","X3","XDY",49
"3_3_X3","driver","X3","XBXB",27
"3_3_X3","driver","X3","XBY",17
"3_3_X3","driver","X3","XDXB",65
"3_3_X3","driver","X3","XDY",64
"3_4_X3","driver","X3","XBXB",20
"3_4_X3","driver","X3","XBY",14
"3_4_X3","driver","X3","XDXB",31
"3_4_X3","driver","X3","XDY",32
"3_6_X3","driver","X3","XBXB",33
"3_6_X3","driver","X3","XBY",34
"3_6_X3","driver","X3","XDXB",69
"3_6_X3","driver","X3","XDY",76
"3_7_X3","driver","X3","XBXB",35
"3_7_X3","driver","X3","XBY",19
"3_7_X3","driver","X3","XDXB",60
"3_7_X3","driver","X3","XDY",64
"3_8_D","driver","D","XBXB",4
"3_8_D","driver","D","XBY",16
"3_8_D","driver","D","XDXB",8
"3_8_D","driver","D","XDY",7
"3_8_X3","driver","X3","XBXB",5
"3_8_X3","driver","X3","XBY",8
"3_8_X3","driver","X3","XDXB",18
"3_8_X3","driver","X3","XDY",13
"3_9_X3","driver","X3","XBXB",17
"3_9_X3","driver","X3","XBY",16
"3_9_X3","driver","X3","XDXB",59
"3_9_X3","driver","X3","XDY",43
"1_control_C2","control","12","XXB",90
"1_control_C2","control","12","XY",81
"1_control_C2","control","12","XBXB",80
"1_control_C2","control","12","XBY",88
"1_control_C5","control","12","XXB",32
"1_control_C5","control","12","XY",29
"1_control_C5","control","12","XBXB",38
"1_control_C5","control","12","XBY",42
"2_control_1","control","12","XXB",23
"2_control_1","control","12","XY",12
"2_control_1","control","12","XBXB",15
"2_control_1","control","12","XBY",12
"2_control_10","control","12","XXB",80
"2_control_10","control","12","XY",63
"2_control_10","control","12","XBXB",71
"2_control_10","control","12","XBY",63
"2_control_11","control","12","XXB",27
"2_control_11","control","12","XY",23
"2_control_11","control","12","XBXB",25
"2_control_11","control","12","XBY",21
"2_control_2","control","12","XXB",18
"2_control_2","control","12","XY",20
"2_control_2","control","12","XBXB",17
"2_control_2","control","12","XBY",21
"2_control_3","control","12","XXB",9
"2_control_3","control","12","XY",18
"2_control_3","control","12","XBXB",18
"2_control_3","control","12","XBY",16
"2_control_4","control","12","XXB",61
"2_control_4","control","12","XY",50
"2_control_4","control","12","XBXB",67
"2_control_4","control","12","XBY",47
"2_control_7","control","12","XXB",16
"2_control_7","control","12","XY",18
"2_control_7","control","12","XBXB",21
"2_control_7","control","12","XBY",12
"2_control_9","control","12","XXB",27
"2_control_9","control","12","XY",41
"2_control_9","control","12","XBXB",37
"2_control_9","control","12","XBY",40
"4_control_1","control","12","XXB",64
"4_control_1","control","12","XY",43
"4_control_1","control","12","XBXB",59
"4_control_1","control","12","XBY",57
"4_control_12","control","12","XXB",23
"4_control_12","control","12","XY",11
"4_control_12","control","12","XBXB",13
"4_control_12","control","12","XBY",15
"4_control_13","control","12","XXB",31
"4_control_13","control","12","XY",26
"4_control_13","control","12","XBXB",33
"4_control_13","control","12","XBY",25
"4_control_14","control","12","XXB",37
"4_control_14","control","12","XY",21
"4_control_14","control","12","XBXB",25
"4_control_14","control","12","XBY",26
"4_control_15","control","12","XXB",20
"4_control_15","control","12","XY",15
"4_control_15","control","12","XBXB",14
"4_control_15","control","12","XBY",13
"4_control_16","control","12","XXB",51
"4_control_16","control","12","XY",38
"4_control_16","control","12","XBXB",56
"4_control_16","control","12","XBY",43
"4_control_17","control","12","XXB",58
"4_control_17","control","12","XY",74
"4_control_17","control","12","XBXB",76
"4_control_17","control","12","XBY",56
"4_control_4","control","12","XXB",65
"4_control_4","control","12","XY",77
"4_control_4","control","12","XBXB",77
"4_control_4","control","12","XBY",60
"4_control_5","control","12","XXB",31
"4_control_5","control","12","XY",34
"4_control_5","control","12","XBXB",34
"4_control_5","control","12","XBY",31
"4_control_6","control","12","XXB",44
"4_control_6","control","12","XY",43
"4_control_6","control","12","XBXB",48
"4_control_6","control","12","XBY",42
"4_control_7","control","12","XXB",4
"4_control_7","control","12","XY",10
"4_control_7","control","12","XBXB",7
"4_control_7","control","12","XBY",9
"4_control_9","control","12","XXB",19
"4_control_9","control","12","XY",12
"4_control_9","control","12","XBXB",28
"4_control_9","control","12","XBY",19
